"outcome","rank","feature"
"eGFR_CKD_EPI_1M",1,"Expanded_criteria_donor"
"eGFR_CKD_EPI_1M",2,"Donor_age"
"eGFR_CKD_EPI_1M",3,"Donor_Sex_0_Male_1_Female"
"eGFR_CKD_EPI_1M",4,"Donor_BMI"
"eGFR_CKD_EPI_1M",5,"Donor_Hypertension_History"
"eGFR_CKD_EPI_1M",6,"Donor_Diabetes_History"
"eGFR_CKD_EPI_1M",7,"Donor_cause_of_death_code"
"eGFR_CKD_EPI_1M",8,"Donor_final_creatinine"
"eGFR_CKD_EPI_1M",9,"KDRI_2024"
"eGFR_CKD_EPI_1M",10,"KDPI_SUP_85_2024"
"eGFR_CKD_EPI_1M",11,"IFTA_GT1"
"eGFR_CKD_EPI_1M",12,"REMUZZI_GT1"
"eGFR_CKD_EPI_1M",13,"REMUZZI_OnCall_RP"
"eGFR_CKD_EPI_1M",14,"Fibrointimal_thickening_AI_All_Estimations"
"eGFR_CKD_EPI_1M",15,"Fibro15"
"eGFR_CKD_EPI_1M",16,"Fibro20"
"eGFR_CKD_EPI_1M",17,"Fibro25_human"
"eGFR_CKD_EPI_1M",18,"IFTA_AI_PERCENTAGE"
"eGFR_CKD_EPI_1M",19,"Glomerulosclerosis_PERCENTAGE_AI_PLUS_HUMAN_GT"
"eGFR_CKD_EPI_1M",20,"sGlomerulus_count"
"eGFR_CKD_EPI_1M",21,"Glomerular_density_count"
"eGFR_CKD_EPI_1M",22,"Average_glomerular_radius"
"eGFR_CKD_EPI_1M",23,"Std_glomerular_radius"
"eGFR_CKD_EPI_1M",24,"Average_sclglomerular_area"
"eGFR_CKD_EPI_1M",25,"Std_sclglomerular_area"
"eGFR_CKD_EPI_1M",26,"Std_cortical_tubular_area"
"eGFR_CKD_EPI_1M",27,"Std_cortical_tubular_radius"
"eGFR_CKD_EPI_1M",28,"Std_medullary_tubular_area"
"eGFR_CKD_EPI_1M",29,"Average_medullary_tubular_radius"
"eGFR_CKD_EPI_1M",30,"Std_medullary_tubular_radius"
"eGFR_CKD_EPI_1M",31,"Cortical_arterialolar_density"
"eGFR_CKD_EPI_1M",32,"Average_lumen_to_wall_ratio"
"eGFR_CKD_EPI_1M",33,"Cortical_tubular_density_area"
"eGFR_CKD_EPI_1M",34,"Cortical_artery_density_area"
"eGFR_CKD_EPI_1M",35,"Medullary_arteriole_density_area"
"eGFR_CKD_EPI_1M",36,"Gloms_cortex_tubules_ratio_"
"eGFR_CKD_EPI_1M",37,"Total_nephron_density_count"
"eGFR_CKD_EPI_1M",38,"Medullary_interstitial_density"
"eGFR_CKD_EPI_1M",39,"Cortical_tubule_count"
"eGFR_CKD_EPI_1M",40,"Average_TBM_Thickness_TF_Cortical"
"eGFR_CKD_EPI_1M",41,"Luminal_Fraction_TF_Cortical"
"eGFR_CKD_EPI_1M",42,"VASCULAR_Luminal_ratio_V_ARTERY_Max_AREA"
"eGFR_CKD_EPI_1M",43,"Mean_Distance_TF_By_Nuclei_Area_reviewed_MF01"
"eGFR_CKD_EPI_1M",44,"Max_Distance_TF_Nuclei_reviewed_MF01"
"eGFR_CKD_EPI_1M",45,"Sum_Distance_TF_By_Luminal_Space_Area_reviewed_MF01"
"eGFR_CKD_EPI_1M",46,"Energy_Nuclei_reviewed_MF01"
"eGFR_CKD_EPI_1M",47,"Correlation_Luminal_Space_reviewed_MF01"
"eGFR_CKD_EPI_1M",48,"Nuclei_Area_By_Object_Area_reviewed_MF01"
"eGFR_CKD_EPI_1M",49,"Eosinophilic_Area_reviewed_MF01"
"eGFR_CKD_EPI_1M",50,"Luminal_Space_Area_reviewed_MF01"
"eGFR_CKD_EPI_1M",51,"Nuclei_Number_reviewed_MF01"
"eGFR_CKD_EPI_1M",52,"Standard_Deviation_Aspect_Ratio_Nuclei_reviewed_MF01"
"eGFR_CKD_EPI_1M",53,"Mean_Nuclear_Area_reviewed_MF01"
"eGFR_CKD_EPI_1M",54,"Major_Axis_Length_reviewed_MF01"
"eGFR_CKD_EPI_1M",55,"Mean_Distance_Transform_By_Nuclei_Area_TF_CT_rev"
"eGFR_CKD_EPI_1M",56,"Max_Distance_Transform_Nuclei_TF_CT_rev"
"eGFR_CKD_EPI_1M",57,"Mean_Distance_Transform_By_Eosinophilic_Area_TF_CT_rev"
"eGFR_CKD_EPI_1M",58,"Sum_Distance_Transform_Luminal_Space_TF_CT_rev"
"eGFR_CKD_EPI_1M",59,"Mean_Distance_Transform_By_Object_Area_Luminal_Space_TF_CT_rev"
"eGFR_CKD_EPI_1M",60,"Mean_Distance_Transform_By_Luminal_Space_Area_TF_CT_rev"
"eGFR_CKD_EPI_1M",61,"Energy_Nuclei_TF_CT_rev"
"eGFR_CKD_EPI_1M",62,"Contrast_Eosinophilic_TF_CT_rev"
"eGFR_CKD_EPI_1M",63,"Correlation_Luminal_Space_TF_CT_rev"
"eGFR_CKD_EPI_1M",64,"Nuclei_Number_TF_CT_rev"
"eGFR_CKD_EPI_1M",65,"Standard_Deviation_Aspect_Ratio_Nuclei_TF_CT_rev"
"eGFR_CKD_EPI_1M",66,"Total_Object_Aspect_Ratio_TF_CT_rev"
"eGFR_CKD_EPI_1M",67,"Major_Axis_Length_TF_CT_rev"
"eGFR_CKD_EPI_1M",68,"Mean_Distance_Transform_By_Object_Area_Luminal_Space_V_Mean_rev"
"eGFR_CKD_EPI_1M",69,"Energy_Nuclei_V_Mean_rev"
"eGFR_CKD_EPI_1M",70,"Mean_Aspect_Ratio_Nuclei_V_Mean_rev"
"eGFR_CKD_EPI_1M",71,"Standard_Deviation_Aspect_Ratio_Nuclei_V_Mean_rev"
"eGFR_CKD_EPI_1M",72,"Total_Object_Aspect_Ratio_V_Mean_rev"
"eGFR_CKD_EPI_1M",73,"Sum_Distance_Transform_By_Object_Area_Nuclei_TF_MaxAr_R"
"eGFR_CKD_EPI_1M",74,"Mean_Distance_Transform_By_Eosinophilic_Area_TF_MaxAr_R"
"eGFR_CKD_EPI_1M",75,"Max_Distance_Transform_Eosinophilic_TF_MaxAr_R"
"eGFR_CKD_EPI_1M",76,"Sum_Distance_Transform_Luminal_Space_TF_MaxAr_R"
"eGFR_CKD_EPI_1M",77,"Mean_Distance_Transform_By_Object_Area_Luminal_Space_TF_MaxAr_R"
"eGFR_CKD_EPI_1M",78,"Correlation_Nuclei_TF_MaxAr_R"
"eGFR_CKD_EPI_1M",79,"Energy_Nuclei_TF_MaxAr_R"
"eGFR_CKD_EPI_1M",80,"Contrast_Eosinophilic_TF_MaxAr_R"
"eGFR_CKD_EPI_1M",81,"Homogeneity_Eosinophilic_TF_MaxAr_R"
"eGFR_CKD_EPI_1M",82,"Correlation_Eosinophilic_TF_MaxAr_R"
"eGFR_CKD_EPI_1M",83,"Correlation_Luminal_Space_TF_MaxAr_R"
"eGFR_CKD_EPI_1M",84,"Energy_Luminal_Space_TF_MaxAr_R"
"eGFR_CKD_EPI_1M",85,"Nuclei_Area_By_Object_Area_TF_MaxAr_R"
"eGFR_CKD_EPI_1M",86,"Mean_Aspect_Ratio_Nuclei_TF_MaxAr_R"
"eGFR_CKD_EPI_1M",87,"Standard_Deviation_Aspect_Ratio_Nuclei_TF_MaxAr_R"
"eGFR_CKD_EPI_1M",88,"Total_Object_Aspect_Ratio_TF_MaxAr_R"
"eGFR_CKD_EPI_1M",89,"Sum_Distance_Transform_By_Object_Area_Nuclei_TF_INF35_R"
"eGFR_CKD_EPI_1M",90,"Max_Distance_Transform_By_Object_Area_Nuclei_TF_INF35_R"
"eGFR_CKD_EPI_1M",91,"Max_Distance_Transform_Nuclei_TF_INF35_R"
"eGFR_CKD_EPI_1M",92,"Mean_Distance_Transform_By_Eosinophilic_Area_TF_INF35_R"
"eGFR_CKD_EPI_1M",93,"Sum_Distance_Transform_Luminal_Space_TF_INF35_R"
"eGFR_CKD_EPI_1M",94,"Mean_Distance_Transform_By_Luminal_Space_Area_TF_INF35_R"
"eGFR_CKD_EPI_1M",95,"Mean_Distance_Transform_Luminal_Space_TF_INF35_R"
"eGFR_CKD_EPI_1M",96,"Homogeneity_Nuclei_TF_INF35_R"
"eGFR_CKD_EPI_1M",97,"Correlation_Nuclei_TF_INF35_R"
"eGFR_CKD_EPI_1M",98,"Energy_Nuclei_TF_INF35_R"
"eGFR_CKD_EPI_1M",99,"Correlation_Eosinophilic_TF_INF35_R"
"eGFR_CKD_EPI_1M",100,"Correlation_Luminal_Space_TF_INF35_R"
"eGFR_CKD_EPI_3M",1,"Expanded_criteria_donor"
"eGFR_CKD_EPI_3M",2,"Donor_age"
"eGFR_CKD_EPI_3M",3,"Donor_Sex_0_Male_1_Female"
"eGFR_CKD_EPI_3M",4,"Donor_BMI"
"eGFR_CKD_EPI_3M",5,"Donor_Hypertension_History"
"eGFR_CKD_EPI_3M",6,"Donor_Diabetes_History"
"eGFR_CKD_EPI_3M",7,"Donor_cause_of_death_code"
"eGFR_CKD_EPI_3M",8,"Donor_final_creatinine"
"eGFR_CKD_EPI_3M",9,"KDRI_2024"
"eGFR_CKD_EPI_3M",10,"KDPI_SUP_85_2024"
"eGFR_CKD_EPI_3M",11,"IFTA_GT1"
"eGFR_CKD_EPI_3M",12,"REMUZZI_GT1"
"eGFR_CKD_EPI_3M",13,"REMUZZI_OnCall_RP"
"eGFR_CKD_EPI_3M",14,"Fibrointimal_thickening_AI_All_Estimations"
"eGFR_CKD_EPI_3M",15,"Fibro15"
"eGFR_CKD_EPI_3M",16,"Fibro20"
"eGFR_CKD_EPI_3M",17,"Fibro25_human"
"eGFR_CKD_EPI_3M",18,"IFTA_AI_PERCENTAGE"
"eGFR_CKD_EPI_3M",19,"Glomerulosclerosis_PERCENTAGE_AI_PLUS_HUMAN_GT"
"eGFR_CKD_EPI_3M",20,"sGlomerulus_count"
"eGFR_CKD_EPI_3M",21,"Glomerular_density_count"
"eGFR_CKD_EPI_3M",22,"Average_glomerular_radius"
"eGFR_CKD_EPI_3M",23,"Std_glomerular_radius"
"eGFR_CKD_EPI_3M",24,"Average_sclglomerular_area"
"eGFR_CKD_EPI_3M",25,"Std_sclglomerular_area"
"eGFR_CKD_EPI_3M",26,"Std_cortical_tubular_area"
"eGFR_CKD_EPI_3M",27,"Std_cortical_tubular_radius"
"eGFR_CKD_EPI_3M",28,"Std_medullary_tubular_area"
"eGFR_CKD_EPI_3M",29,"Average_medullary_tubular_radius"
"eGFR_CKD_EPI_3M",30,"Std_medullary_tubular_radius"
"eGFR_CKD_EPI_3M",31,"Cortical_arterialolar_density"
"eGFR_CKD_EPI_3M",32,"Average_lumen_to_wall_ratio"
"eGFR_CKD_EPI_3M",33,"Cortical_tubular_density_area"
"eGFR_CKD_EPI_3M",34,"Cortical_artery_density_area"
"eGFR_CKD_EPI_3M",35,"Medullary_arteriole_density_area"
"eGFR_CKD_EPI_3M",36,"Gloms_cortex_tubules_ratio_"
"eGFR_CKD_EPI_3M",37,"Total_nephron_density_count"
"eGFR_CKD_EPI_3M",38,"Medullary_interstitial_density"
"eGFR_CKD_EPI_3M",39,"Cortical_tubule_count"
"eGFR_CKD_EPI_3M",40,"Average_TBM_Thickness_TF_Cortical"
"eGFR_CKD_EPI_3M",41,"Luminal_Fraction_TF_Cortical"
"eGFR_CKD_EPI_3M",42,"VASCULAR_Luminal_ratio_V_ARTERY_Max_AREA"
"eGFR_CKD_EPI_3M",43,"Mean_Distance_TF_By_Nuclei_Area_reviewed_MF01"
"eGFR_CKD_EPI_3M",44,"Max_Distance_TF_Nuclei_reviewed_MF01"
"eGFR_CKD_EPI_3M",45,"Sum_Distance_TF_By_Luminal_Space_Area_reviewed_MF01"
"eGFR_CKD_EPI_3M",46,"Energy_Nuclei_reviewed_MF01"
"eGFR_CKD_EPI_3M",47,"Correlation_Luminal_Space_reviewed_MF01"
"eGFR_CKD_EPI_3M",48,"Nuclei_Area_By_Object_Area_reviewed_MF01"
"eGFR_CKD_EPI_3M",49,"Eosinophilic_Area_reviewed_MF01"
"eGFR_CKD_EPI_3M",50,"Luminal_Space_Area_reviewed_MF01"
"eGFR_CKD_EPI_3M",51,"Nuclei_Number_reviewed_MF01"
"eGFR_CKD_EPI_3M",52,"Standard_Deviation_Aspect_Ratio_Nuclei_reviewed_MF01"
"eGFR_CKD_EPI_3M",53,"Mean_Nuclear_Area_reviewed_MF01"
"eGFR_CKD_EPI_3M",54,"Major_Axis_Length_reviewed_MF01"
"eGFR_CKD_EPI_3M",55,"Mean_Distance_Transform_By_Nuclei_Area_TF_CT_rev"
"eGFR_CKD_EPI_3M",56,"Max_Distance_Transform_Nuclei_TF_CT_rev"
"eGFR_CKD_EPI_3M",57,"Mean_Distance_Transform_By_Eosinophilic_Area_TF_CT_rev"
"eGFR_CKD_EPI_3M",58,"Sum_Distance_Transform_Luminal_Space_TF_CT_rev"
"eGFR_CKD_EPI_3M",59,"Mean_Distance_Transform_By_Object_Area_Luminal_Space_TF_CT_rev"
"eGFR_CKD_EPI_3M",60,"Mean_Distance_Transform_By_Luminal_Space_Area_TF_CT_rev"
"eGFR_CKD_EPI_3M",61,"Energy_Nuclei_TF_CT_rev"
"eGFR_CKD_EPI_3M",62,"Contrast_Eosinophilic_TF_CT_rev"
"eGFR_CKD_EPI_3M",63,"Correlation_Luminal_Space_TF_CT_rev"
"eGFR_CKD_EPI_3M",64,"Nuclei_Number_TF_CT_rev"
"eGFR_CKD_EPI_3M",65,"Standard_Deviation_Aspect_Ratio_Nuclei_TF_CT_rev"
"eGFR_CKD_EPI_3M",66,"Total_Object_Aspect_Ratio_TF_CT_rev"
"eGFR_CKD_EPI_3M",67,"Major_Axis_Length_TF_CT_rev"
"eGFR_CKD_EPI_3M",68,"Mean_Distance_Transform_By_Object_Area_Luminal_Space_V_Mean_rev"
"eGFR_CKD_EPI_3M",69,"Energy_Nuclei_V_Mean_rev"
"eGFR_CKD_EPI_3M",70,"Mean_Aspect_Ratio_Nuclei_V_Mean_rev"
"eGFR_CKD_EPI_3M",71,"Standard_Deviation_Aspect_Ratio_Nuclei_V_Mean_rev"
"eGFR_CKD_EPI_3M",72,"Total_Object_Aspect_Ratio_V_Mean_rev"
"eGFR_CKD_EPI_3M",73,"Sum_Distance_Transform_By_Object_Area_Nuclei_TF_MaxAr_R"
"eGFR_CKD_EPI_3M",74,"Mean_Distance_Transform_By_Eosinophilic_Area_TF_MaxAr_R"
"eGFR_CKD_EPI_3M",75,"Max_Distance_Transform_Eosinophilic_TF_MaxAr_R"
"eGFR_CKD_EPI_3M",76,"Sum_Distance_Transform_Luminal_Space_TF_MaxAr_R"
"eGFR_CKD_EPI_3M",77,"Mean_Distance_Transform_By_Object_Area_Luminal_Space_TF_MaxAr_R"
"eGFR_CKD_EPI_3M",78,"Correlation_Nuclei_TF_MaxAr_R"
"eGFR_CKD_EPI_3M",79,"Energy_Nuclei_TF_MaxAr_R"
"eGFR_CKD_EPI_3M",80,"Contrast_Eosinophilic_TF_MaxAr_R"
"eGFR_CKD_EPI_3M",81,"Homogeneity_Eosinophilic_TF_MaxAr_R"
"eGFR_CKD_EPI_3M",82,"Correlation_Eosinophilic_TF_MaxAr_R"
"eGFR_CKD_EPI_3M",83,"Correlation_Luminal_Space_TF_MaxAr_R"
"eGFR_CKD_EPI_3M",84,"Energy_Luminal_Space_TF_MaxAr_R"
"eGFR_CKD_EPI_3M",85,"Nuclei_Area_By_Object_Area_TF_MaxAr_R"
"eGFR_CKD_EPI_3M",86,"Mean_Aspect_Ratio_Nuclei_TF_MaxAr_R"
"eGFR_CKD_EPI_3M",87,"Standard_Deviation_Aspect_Ratio_Nuclei_TF_MaxAr_R"
"eGFR_CKD_EPI_3M",88,"Total_Object_Aspect_Ratio_TF_MaxAr_R"
"eGFR_CKD_EPI_3M",89,"Sum_Distance_Transform_By_Object_Area_Nuclei_TF_INF35_R"
"eGFR_CKD_EPI_3M",90,"Max_Distance_Transform_By_Object_Area_Nuclei_TF_INF35_R"
"eGFR_CKD_EPI_3M",91,"Max_Distance_Transform_Nuclei_TF_INF35_R"
"eGFR_CKD_EPI_3M",92,"Mean_Distance_Transform_By_Eosinophilic_Area_TF_INF35_R"
"eGFR_CKD_EPI_3M",93,"Sum_Distance_Transform_Luminal_Space_TF_INF35_R"
"eGFR_CKD_EPI_3M",94,"Mean_Distance_Transform_By_Luminal_Space_Area_TF_INF35_R"
"eGFR_CKD_EPI_3M",95,"Mean_Distance_Transform_Luminal_Space_TF_INF35_R"
"eGFR_CKD_EPI_3M",96,"Homogeneity_Nuclei_TF_INF35_R"
"eGFR_CKD_EPI_3M",97,"Correlation_Nuclei_TF_INF35_R"
"eGFR_CKD_EPI_3M",98,"Energy_Nuclei_TF_INF35_R"
"eGFR_CKD_EPI_3M",99,"Correlation_Eosinophilic_TF_INF35_R"
"eGFR_CKD_EPI_3M",100,"Correlation_Luminal_Space_TF_INF35_R"
"eGFR_CKD_EPI_6M",1,"Expanded_criteria_donor"
"eGFR_CKD_EPI_6M",2,"Donor_age"
"eGFR_CKD_EPI_6M",3,"Donor_Sex_0_Male_1_Female"
"eGFR_CKD_EPI_6M",4,"Donor_BMI"
"eGFR_CKD_EPI_6M",5,"Donor_Hypertension_History"
"eGFR_CKD_EPI_6M",6,"Donor_Diabetes_History"
"eGFR_CKD_EPI_6M",7,"Donor_cause_of_death_code"
"eGFR_CKD_EPI_6M",8,"Donor_final_creatinine"
"eGFR_CKD_EPI_6M",9,"KDRI_2024"
"eGFR_CKD_EPI_6M",10,"KDPI_SUP_85_2024"
"eGFR_CKD_EPI_6M",11,"IFTA_GT1"
"eGFR_CKD_EPI_6M",12,"REMUZZI_GT1"
"eGFR_CKD_EPI_6M",13,"REMUZZI_OnCall_RP"
"eGFR_CKD_EPI_6M",14,"Fibrointimal_thickening_AI_All_Estimations"
"eGFR_CKD_EPI_6M",15,"Fibro15"
"eGFR_CKD_EPI_6M",16,"Fibro20"
"eGFR_CKD_EPI_6M",17,"Fibro25_human"
"eGFR_CKD_EPI_6M",18,"IFTA_AI_PERCENTAGE"
"eGFR_CKD_EPI_6M",19,"Glomerulosclerosis_PERCENTAGE_AI_PLUS_HUMAN_GT"
"eGFR_CKD_EPI_6M",20,"sGlomerulus_count"
"eGFR_CKD_EPI_6M",21,"Glomerular_density_count"
"eGFR_CKD_EPI_6M",22,"Average_glomerular_radius"
"eGFR_CKD_EPI_6M",23,"Std_glomerular_radius"
"eGFR_CKD_EPI_6M",24,"Average_sclglomerular_area"
"eGFR_CKD_EPI_6M",25,"Std_sclglomerular_area"
"eGFR_CKD_EPI_6M",26,"Std_cortical_tubular_area"
"eGFR_CKD_EPI_6M",27,"Std_cortical_tubular_radius"
"eGFR_CKD_EPI_6M",28,"Std_medullary_tubular_area"
"eGFR_CKD_EPI_6M",29,"Average_medullary_tubular_radius"
"eGFR_CKD_EPI_6M",30,"Std_medullary_tubular_radius"
"eGFR_CKD_EPI_6M",31,"Cortical_arterialolar_density"
"eGFR_CKD_EPI_6M",32,"Average_lumen_to_wall_ratio"
"eGFR_CKD_EPI_6M",33,"Cortical_tubular_density_area"
"eGFR_CKD_EPI_6M",34,"Cortical_artery_density_area"
"eGFR_CKD_EPI_6M",35,"Medullary_arteriole_density_area"
"eGFR_CKD_EPI_6M",36,"Gloms_cortex_tubules_ratio_"
"eGFR_CKD_EPI_6M",37,"Total_nephron_density_count"
"eGFR_CKD_EPI_6M",38,"Medullary_interstitial_density"
"eGFR_CKD_EPI_6M",39,"Cortical_tubule_count"
"eGFR_CKD_EPI_6M",40,"Average_TBM_Thickness_TF_Cortical"
"eGFR_CKD_EPI_6M",41,"Luminal_Fraction_TF_Cortical"
"eGFR_CKD_EPI_6M",42,"VASCULAR_Luminal_ratio_V_ARTERY_Max_AREA"
"eGFR_CKD_EPI_6M",43,"Mean_Distance_TF_By_Nuclei_Area_reviewed_MF01"
"eGFR_CKD_EPI_6M",44,"Max_Distance_TF_Nuclei_reviewed_MF01"
"eGFR_CKD_EPI_6M",45,"Sum_Distance_TF_By_Luminal_Space_Area_reviewed_MF01"
"eGFR_CKD_EPI_6M",46,"Energy_Nuclei_reviewed_MF01"
"eGFR_CKD_EPI_6M",47,"Correlation_Luminal_Space_reviewed_MF01"
"eGFR_CKD_EPI_6M",48,"Nuclei_Area_By_Object_Area_reviewed_MF01"
"eGFR_CKD_EPI_6M",49,"Eosinophilic_Area_reviewed_MF01"
"eGFR_CKD_EPI_6M",50,"Luminal_Space_Area_reviewed_MF01"
"eGFR_CKD_EPI_6M",51,"Nuclei_Number_reviewed_MF01"
"eGFR_CKD_EPI_6M",52,"Standard_Deviation_Aspect_Ratio_Nuclei_reviewed_MF01"
"eGFR_CKD_EPI_6M",53,"Mean_Nuclear_Area_reviewed_MF01"
"eGFR_CKD_EPI_6M",54,"Major_Axis_Length_reviewed_MF01"
"eGFR_CKD_EPI_6M",55,"Mean_Distance_Transform_By_Nuclei_Area_TF_CT_rev"
"eGFR_CKD_EPI_6M",56,"Max_Distance_Transform_Nuclei_TF_CT_rev"
"eGFR_CKD_EPI_6M",57,"Mean_Distance_Transform_By_Eosinophilic_Area_TF_CT_rev"
"eGFR_CKD_EPI_6M",58,"Sum_Distance_Transform_Luminal_Space_TF_CT_rev"
"eGFR_CKD_EPI_6M",59,"Mean_Distance_Transform_By_Object_Area_Luminal_Space_TF_CT_rev"
"eGFR_CKD_EPI_6M",60,"Mean_Distance_Transform_By_Luminal_Space_Area_TF_CT_rev"
"eGFR_CKD_EPI_6M",61,"Energy_Nuclei_TF_CT_rev"
"eGFR_CKD_EPI_6M",62,"Contrast_Eosinophilic_TF_CT_rev"
"eGFR_CKD_EPI_6M",63,"Correlation_Luminal_Space_TF_CT_rev"
"eGFR_CKD_EPI_6M",64,"Nuclei_Number_TF_CT_rev"
"eGFR_CKD_EPI_6M",65,"Standard_Deviation_Aspect_Ratio_Nuclei_TF_CT_rev"
"eGFR_CKD_EPI_6M",66,"Total_Object_Aspect_Ratio_TF_CT_rev"
"eGFR_CKD_EPI_6M",67,"Major_Axis_Length_TF_CT_rev"
"eGFR_CKD_EPI_6M",68,"Mean_Distance_Transform_By_Object_Area_Luminal_Space_V_Mean_rev"
"eGFR_CKD_EPI_6M",69,"Energy_Nuclei_V_Mean_rev"
"eGFR_CKD_EPI_6M",70,"Mean_Aspect_Ratio_Nuclei_V_Mean_rev"
"eGFR_CKD_EPI_6M",71,"Standard_Deviation_Aspect_Ratio_Nuclei_V_Mean_rev"
"eGFR_CKD_EPI_6M",72,"Total_Object_Aspect_Ratio_V_Mean_rev"
"eGFR_CKD_EPI_6M",73,"Sum_Distance_Transform_By_Object_Area_Nuclei_TF_MaxAr_R"
"eGFR_CKD_EPI_6M",74,"Mean_Distance_Transform_By_Eosinophilic_Area_TF_MaxAr_R"
"eGFR_CKD_EPI_6M",75,"Max_Distance_Transform_Eosinophilic_TF_MaxAr_R"
"eGFR_CKD_EPI_6M",76,"Sum_Distance_Transform_Luminal_Space_TF_MaxAr_R"
"eGFR_CKD_EPI_6M",77,"Mean_Distance_Transform_By_Object_Area_Luminal_Space_TF_MaxAr_R"
"eGFR_CKD_EPI_6M",78,"Correlation_Nuclei_TF_MaxAr_R"
"eGFR_CKD_EPI_6M",79,"Energy_Nuclei_TF_MaxAr_R"
"eGFR_CKD_EPI_6M",80,"Contrast_Eosinophilic_TF_MaxAr_R"
"eGFR_CKD_EPI_6M",81,"Homogeneity_Eosinophilic_TF_MaxAr_R"
"eGFR_CKD_EPI_6M",82,"Correlation_Eosinophilic_TF_MaxAr_R"
"eGFR_CKD_EPI_6M",83,"Correlation_Luminal_Space_TF_MaxAr_R"
"eGFR_CKD_EPI_6M",84,"Energy_Luminal_Space_TF_MaxAr_R"
"eGFR_CKD_EPI_6M",85,"Nuclei_Area_By_Object_Area_TF_MaxAr_R"
"eGFR_CKD_EPI_6M",86,"Mean_Aspect_Ratio_Nuclei_TF_MaxAr_R"
"eGFR_CKD_EPI_6M",87,"Standard_Deviation_Aspect_Ratio_Nuclei_TF_MaxAr_R"
"eGFR_CKD_EPI_6M",88,"Total_Object_Aspect_Ratio_TF_MaxAr_R"
"eGFR_CKD_EPI_6M",89,"Sum_Distance_Transform_By_Object_Area_Nuclei_TF_INF35_R"
"eGFR_CKD_EPI_6M",90,"Max_Distance_Transform_By_Object_Area_Nuclei_TF_INF35_R"
"eGFR_CKD_EPI_6M",91,"Max_Distance_Transform_Nuclei_TF_INF35_R"
"eGFR_CKD_EPI_6M",92,"Mean_Distance_Transform_By_Eosinophilic_Area_TF_INF35_R"
"eGFR_CKD_EPI_6M",93,"Sum_Distance_Transform_Luminal_Space_TF_INF35_R"
"eGFR_CKD_EPI_6M",94,"Mean_Distance_Transform_By_Luminal_Space_Area_TF_INF35_R"
"eGFR_CKD_EPI_6M",95,"Mean_Distance_Transform_Luminal_Space_TF_INF35_R"
"eGFR_CKD_EPI_6M",96,"Homogeneity_Nuclei_TF_INF35_R"
"eGFR_CKD_EPI_6M",97,"Correlation_Nuclei_TF_INF35_R"
"eGFR_CKD_EPI_6M",98,"Energy_Nuclei_TF_INF35_R"
"eGFR_CKD_EPI_6M",99,"Correlation_Eosinophilic_TF_INF35_R"
"eGFR_CKD_EPI_6M",100,"Correlation_Luminal_Space_TF_INF35_R"
"eGFR_CKD_EPI_12M",1,"Expanded_criteria_donor"
"eGFR_CKD_EPI_12M",2,"Donor_age"
"eGFR_CKD_EPI_12M",3,"Donor_Sex_0_Male_1_Female"
"eGFR_CKD_EPI_12M",4,"Donor_BMI"
"eGFR_CKD_EPI_12M",5,"Donor_Hypertension_History"
"eGFR_CKD_EPI_12M",6,"Donor_Diabetes_History"
"eGFR_CKD_EPI_12M",7,"Donor_cause_of_death_code"
"eGFR_CKD_EPI_12M",8,"Donor_final_creatinine"
"eGFR_CKD_EPI_12M",9,"KDRI_2024"
"eGFR_CKD_EPI_12M",10,"KDPI_SUP_85_2024"
"eGFR_CKD_EPI_12M",11,"IFTA_GT1"
"eGFR_CKD_EPI_12M",12,"REMUZZI_GT1"
"eGFR_CKD_EPI_12M",13,"REMUZZI_OnCall_RP"
"eGFR_CKD_EPI_12M",14,"Fibrointimal_thickening_AI_All_Estimations"
"eGFR_CKD_EPI_12M",15,"Fibro15"
"eGFR_CKD_EPI_12M",16,"Fibro20"
"eGFR_CKD_EPI_12M",17,"Fibro25_human"
"eGFR_CKD_EPI_12M",18,"IFTA_AI_PERCENTAGE"
"eGFR_CKD_EPI_12M",19,"Glomerulosclerosis_PERCENTAGE_AI_PLUS_HUMAN_GT"
"eGFR_CKD_EPI_12M",20,"sGlomerulus_count"
"eGFR_CKD_EPI_12M",21,"Glomerular_density_count"
"eGFR_CKD_EPI_12M",22,"Average_glomerular_radius"
"eGFR_CKD_EPI_12M",23,"Std_glomerular_radius"
"eGFR_CKD_EPI_12M",24,"Average_sclglomerular_area"
"eGFR_CKD_EPI_12M",25,"Std_sclglomerular_area"
"eGFR_CKD_EPI_12M",26,"Std_cortical_tubular_area"
"eGFR_CKD_EPI_12M",27,"Std_cortical_tubular_radius"
"eGFR_CKD_EPI_12M",28,"Std_medullary_tubular_area"
"eGFR_CKD_EPI_12M",29,"Average_medullary_tubular_radius"
"eGFR_CKD_EPI_12M",30,"Std_medullary_tubular_radius"
"eGFR_CKD_EPI_12M",31,"Cortical_arterialolar_density"
"eGFR_CKD_EPI_12M",32,"Average_lumen_to_wall_ratio"
"eGFR_CKD_EPI_12M",33,"Cortical_tubular_density_area"
"eGFR_CKD_EPI_12M",34,"Cortical_artery_density_area"
"eGFR_CKD_EPI_12M",35,"Medullary_arteriole_density_area"
"eGFR_CKD_EPI_12M",36,"Gloms_cortex_tubules_ratio_"
"eGFR_CKD_EPI_12M",37,"Total_nephron_density_count"
"eGFR_CKD_EPI_12M",38,"Medullary_interstitial_density"
"eGFR_CKD_EPI_12M",39,"Cortical_tubule_count"
"eGFR_CKD_EPI_12M",40,"Average_TBM_Thickness_TF_Cortical"
"eGFR_CKD_EPI_12M",41,"Luminal_Fraction_TF_Cortical"
"eGFR_CKD_EPI_12M",42,"VASCULAR_Luminal_ratio_V_ARTERY_Max_AREA"
"eGFR_CKD_EPI_12M",43,"Mean_Distance_TF_By_Nuclei_Area_reviewed_MF01"
"eGFR_CKD_EPI_12M",44,"Max_Distance_TF_Nuclei_reviewed_MF01"
"eGFR_CKD_EPI_12M",45,"Sum_Distance_TF_By_Luminal_Space_Area_reviewed_MF01"
"eGFR_CKD_EPI_12M",46,"Energy_Nuclei_reviewed_MF01"
"eGFR_CKD_EPI_12M",47,"Correlation_Luminal_Space_reviewed_MF01"
"eGFR_CKD_EPI_12M",48,"Nuclei_Area_By_Object_Area_reviewed_MF01"
"eGFR_CKD_EPI_12M",49,"Eosinophilic_Area_reviewed_MF01"
"eGFR_CKD_EPI_12M",50,"Luminal_Space_Area_reviewed_MF01"
"eGFR_CKD_EPI_12M",51,"Nuclei_Number_reviewed_MF01"
"eGFR_CKD_EPI_12M",52,"Standard_Deviation_Aspect_Ratio_Nuclei_reviewed_MF01"
"eGFR_CKD_EPI_12M",53,"Mean_Nuclear_Area_reviewed_MF01"
"eGFR_CKD_EPI_12M",54,"Major_Axis_Length_reviewed_MF01"
"eGFR_CKD_EPI_12M",55,"Mean_Distance_Transform_By_Nuclei_Area_TF_CT_rev"
"eGFR_CKD_EPI_12M",56,"Max_Distance_Transform_Nuclei_TF_CT_rev"
"eGFR_CKD_EPI_12M",57,"Mean_Distance_Transform_By_Eosinophilic_Area_TF_CT_rev"
"eGFR_CKD_EPI_12M",58,"Sum_Distance_Transform_Luminal_Space_TF_CT_rev"
"eGFR_CKD_EPI_12M",59,"Mean_Distance_Transform_By_Object_Area_Luminal_Space_TF_CT_rev"
"eGFR_CKD_EPI_12M",60,"Mean_Distance_Transform_By_Luminal_Space_Area_TF_CT_rev"
"eGFR_CKD_EPI_12M",61,"Energy_Nuclei_TF_CT_rev"
"eGFR_CKD_EPI_12M",62,"Contrast_Eosinophilic_TF_CT_rev"
"eGFR_CKD_EPI_12M",63,"Correlation_Luminal_Space_TF_CT_rev"
"eGFR_CKD_EPI_12M",64,"Nuclei_Number_TF_CT_rev"
"eGFR_CKD_EPI_12M",65,"Standard_Deviation_Aspect_Ratio_Nuclei_TF_CT_rev"
"eGFR_CKD_EPI_12M",66,"Total_Object_Aspect_Ratio_TF_CT_rev"
"eGFR_CKD_EPI_12M",67,"Major_Axis_Length_TF_CT_rev"
"eGFR_CKD_EPI_12M",68,"Mean_Distance_Transform_By_Object_Area_Luminal_Space_V_Mean_rev"
"eGFR_CKD_EPI_12M",69,"Energy_Nuclei_V_Mean_rev"
"eGFR_CKD_EPI_12M",70,"Mean_Aspect_Ratio_Nuclei_V_Mean_rev"
"eGFR_CKD_EPI_12M",71,"Standard_Deviation_Aspect_Ratio_Nuclei_V_Mean_rev"
"eGFR_CKD_EPI_12M",72,"Total_Object_Aspect_Ratio_V_Mean_rev"
"eGFR_CKD_EPI_12M",73,"Sum_Distance_Transform_By_Object_Area_Nuclei_TF_MaxAr_R"
"eGFR_CKD_EPI_12M",74,"Mean_Distance_Transform_By_Eosinophilic_Area_TF_MaxAr_R"
"eGFR_CKD_EPI_12M",75,"Max_Distance_Transform_Eosinophilic_TF_MaxAr_R"
"eGFR_CKD_EPI_12M",76,"Sum_Distance_Transform_Luminal_Space_TF_MaxAr_R"
"eGFR_CKD_EPI_12M",77,"Mean_Distance_Transform_By_Object_Area_Luminal_Space_TF_MaxAr_R"
"eGFR_CKD_EPI_12M",78,"Correlation_Nuclei_TF_MaxAr_R"
"eGFR_CKD_EPI_12M",79,"Energy_Nuclei_TF_MaxAr_R"
"eGFR_CKD_EPI_12M",80,"Contrast_Eosinophilic_TF_MaxAr_R"
"eGFR_CKD_EPI_12M",81,"Homogeneity_Eosinophilic_TF_MaxAr_R"
"eGFR_CKD_EPI_12M",82,"Correlation_Eosinophilic_TF_MaxAr_R"
"eGFR_CKD_EPI_12M",83,"Correlation_Luminal_Space_TF_MaxAr_R"
"eGFR_CKD_EPI_12M",84,"Energy_Luminal_Space_TF_MaxAr_R"
"eGFR_CKD_EPI_12M",85,"Nuclei_Area_By_Object_Area_TF_MaxAr_R"
"eGFR_CKD_EPI_12M",86,"Mean_Aspect_Ratio_Nuclei_TF_MaxAr_R"
"eGFR_CKD_EPI_12M",87,"Standard_Deviation_Aspect_Ratio_Nuclei_TF_MaxAr_R"
"eGFR_CKD_EPI_12M",88,"Total_Object_Aspect_Ratio_TF_MaxAr_R"
"eGFR_CKD_EPI_12M",89,"Sum_Distance_Transform_By_Object_Area_Nuclei_TF_INF35_R"
"eGFR_CKD_EPI_12M",90,"Max_Distance_Transform_By_Object_Area_Nuclei_TF_INF35_R"
"eGFR_CKD_EPI_12M",91,"Max_Distance_Transform_Nuclei_TF_INF35_R"
"eGFR_CKD_EPI_12M",92,"Mean_Distance_Transform_By_Eosinophilic_Area_TF_INF35_R"
"eGFR_CKD_EPI_12M",93,"Sum_Distance_Transform_Luminal_Space_TF_INF35_R"
"eGFR_CKD_EPI_12M",94,"Mean_Distance_Transform_By_Luminal_Space_Area_TF_INF35_R"
"eGFR_CKD_EPI_12M",95,"Mean_Distance_Transform_Luminal_Space_TF_INF35_R"
"eGFR_CKD_EPI_12M",96,"Homogeneity_Nuclei_TF_INF35_R"
"eGFR_CKD_EPI_12M",97,"Correlation_Nuclei_TF_INF35_R"
"eGFR_CKD_EPI_12M",98,"Energy_Nuclei_TF_INF35_R"
"eGFR_CKD_EPI_12M",99,"Correlation_Eosinophilic_TF_INF35_R"
"eGFR_CKD_EPI_12M",100,"Correlation_Luminal_Space_TF_INF35_R"
"eGFR_CKD_EPI_3years",1,"Expanded_criteria_donor"
"eGFR_CKD_EPI_3years",2,"Donor_age"
"eGFR_CKD_EPI_3years",3,"Donor_Sex_0_Male_1_Female"
"eGFR_CKD_EPI_3years",4,"Donor_BMI"
"eGFR_CKD_EPI_3years",5,"Donor_Hypertension_History"
"eGFR_CKD_EPI_3years",6,"Donor_Diabetes_History"
"eGFR_CKD_EPI_3years",7,"Donor_cause_of_death_code"
"eGFR_CKD_EPI_3years",8,"Donor_final_creatinine"
"eGFR_CKD_EPI_3years",9,"KDRI_2024"
"eGFR_CKD_EPI_3years",10,"KDPI_SUP_85_2024"
"eGFR_CKD_EPI_3years",11,"IFTA_GT1"
"eGFR_CKD_EPI_3years",12,"REMUZZI_GT1"
"eGFR_CKD_EPI_3years",13,"REMUZZI_OnCall_RP"
"eGFR_CKD_EPI_3years",14,"Fibrointimal_thickening_AI_All_Estimations"
"eGFR_CKD_EPI_3years",15,"Fibro15"
"eGFR_CKD_EPI_3years",16,"Fibro20"
"eGFR_CKD_EPI_3years",17,"Fibro25_human"
"eGFR_CKD_EPI_3years",18,"IFTA_AI_PERCENTAGE"
"eGFR_CKD_EPI_3years",19,"Glomerulosclerosis_PERCENTAGE_AI_PLUS_HUMAN_GT"
"eGFR_CKD_EPI_3years",20,"sGlomerulus_count"
"eGFR_CKD_EPI_3years",21,"Glomerular_density_count"
"eGFR_CKD_EPI_3years",22,"Average_glomerular_radius"
"eGFR_CKD_EPI_3years",23,"Std_glomerular_radius"
"eGFR_CKD_EPI_3years",24,"Average_sclglomerular_area"
"eGFR_CKD_EPI_3years",25,"Std_sclglomerular_area"
"eGFR_CKD_EPI_3years",26,"Std_cortical_tubular_area"
"eGFR_CKD_EPI_3years",27,"Std_cortical_tubular_radius"
"eGFR_CKD_EPI_3years",28,"Std_medullary_tubular_area"
"eGFR_CKD_EPI_3years",29,"Average_medullary_tubular_radius"
"eGFR_CKD_EPI_3years",30,"Std_medullary_tubular_radius"
"eGFR_CKD_EPI_3years",31,"Cortical_arterialolar_density"
"eGFR_CKD_EPI_3years",32,"Average_lumen_to_wall_ratio"
"eGFR_CKD_EPI_3years",33,"Cortical_tubular_density_area"
"eGFR_CKD_EPI_3years",34,"Cortical_artery_density_area"
"eGFR_CKD_EPI_3years",35,"Medullary_arteriole_density_area"
"eGFR_CKD_EPI_3years",36,"Gloms_cortex_tubules_ratio_"
"eGFR_CKD_EPI_3years",37,"Total_nephron_density_count"
"eGFR_CKD_EPI_3years",38,"Medullary_interstitial_density"
"eGFR_CKD_EPI_3years",39,"Cortical_tubule_count"
"eGFR_CKD_EPI_3years",40,"Average_TBM_Thickness_TF_Cortical"
"eGFR_CKD_EPI_3years",41,"Luminal_Fraction_TF_Cortical"
"eGFR_CKD_EPI_3years",42,"VASCULAR_Luminal_ratio_V_ARTERY_Max_AREA"
"eGFR_CKD_EPI_3years",43,"Mean_Distance_TF_By_Nuclei_Area_reviewed_MF01"
"eGFR_CKD_EPI_3years",44,"Max_Distance_TF_Nuclei_reviewed_MF01"
"eGFR_CKD_EPI_3years",45,"Sum_Distance_TF_By_Luminal_Space_Area_reviewed_MF01"
"eGFR_CKD_EPI_3years",46,"Energy_Nuclei_reviewed_MF01"
"eGFR_CKD_EPI_3years",47,"Correlation_Luminal_Space_reviewed_MF01"
"eGFR_CKD_EPI_3years",48,"Nuclei_Area_By_Object_Area_reviewed_MF01"
"eGFR_CKD_EPI_3years",49,"Eosinophilic_Area_reviewed_MF01"
"eGFR_CKD_EPI_3years",50,"Luminal_Space_Area_reviewed_MF01"
"eGFR_CKD_EPI_3years",51,"Nuclei_Number_reviewed_MF01"
"eGFR_CKD_EPI_3years",52,"Standard_Deviation_Aspect_Ratio_Nuclei_reviewed_MF01"
"eGFR_CKD_EPI_3years",53,"Mean_Nuclear_Area_reviewed_MF01"
"eGFR_CKD_EPI_3years",54,"Major_Axis_Length_reviewed_MF01"
"eGFR_CKD_EPI_3years",55,"Mean_Distance_Transform_By_Nuclei_Area_TF_CT_rev"
"eGFR_CKD_EPI_3years",56,"Max_Distance_Transform_Nuclei_TF_CT_rev"
"eGFR_CKD_EPI_3years",57,"Mean_Distance_Transform_By_Eosinophilic_Area_TF_CT_rev"
"eGFR_CKD_EPI_3years",58,"Sum_Distance_Transform_Luminal_Space_TF_CT_rev"
"eGFR_CKD_EPI_3years",59,"Mean_Distance_Transform_By_Object_Area_Luminal_Space_TF_CT_rev"
"eGFR_CKD_EPI_3years",60,"Mean_Distance_Transform_By_Luminal_Space_Area_TF_CT_rev"
"eGFR_CKD_EPI_3years",61,"Energy_Nuclei_TF_CT_rev"
"eGFR_CKD_EPI_3years",62,"Contrast_Eosinophilic_TF_CT_rev"
"eGFR_CKD_EPI_3years",63,"Correlation_Luminal_Space_TF_CT_rev"
"eGFR_CKD_EPI_3years",64,"Nuclei_Number_TF_CT_rev"
"eGFR_CKD_EPI_3years",65,"Standard_Deviation_Aspect_Ratio_Nuclei_TF_CT_rev"
"eGFR_CKD_EPI_3years",66,"Total_Object_Aspect_Ratio_TF_CT_rev"
"eGFR_CKD_EPI_3years",67,"Major_Axis_Length_TF_CT_rev"
"eGFR_CKD_EPI_3years",68,"Mean_Distance_Transform_By_Object_Area_Luminal_Space_V_Mean_rev"
"eGFR_CKD_EPI_3years",69,"Energy_Nuclei_V_Mean_rev"
"eGFR_CKD_EPI_3years",70,"Mean_Aspect_Ratio_Nuclei_V_Mean_rev"
"eGFR_CKD_EPI_3years",71,"Standard_Deviation_Aspect_Ratio_Nuclei_V_Mean_rev"
"eGFR_CKD_EPI_3years",72,"Total_Object_Aspect_Ratio_V_Mean_rev"
"eGFR_CKD_EPI_3years",73,"Sum_Distance_Transform_By_Object_Area_Nuclei_TF_MaxAr_R"
"eGFR_CKD_EPI_3years",74,"Mean_Distance_Transform_By_Eosinophilic_Area_TF_MaxAr_R"
"eGFR_CKD_EPI_3years",75,"Max_Distance_Transform_Eosinophilic_TF_MaxAr_R"
"eGFR_CKD_EPI_3years",76,"Sum_Distance_Transform_Luminal_Space_TF_MaxAr_R"
"eGFR_CKD_EPI_3years",77,"Mean_Distance_Transform_By_Object_Area_Luminal_Space_TF_MaxAr_R"
"eGFR_CKD_EPI_3years",78,"Correlation_Nuclei_TF_MaxAr_R"
"eGFR_CKD_EPI_3years",79,"Energy_Nuclei_TF_MaxAr_R"
"eGFR_CKD_EPI_3years",80,"Contrast_Eosinophilic_TF_MaxAr_R"
"eGFR_CKD_EPI_3years",81,"Homogeneity_Eosinophilic_TF_MaxAr_R"
"eGFR_CKD_EPI_3years",82,"Correlation_Eosinophilic_TF_MaxAr_R"
"eGFR_CKD_EPI_3years",83,"Correlation_Luminal_Space_TF_MaxAr_R"
"eGFR_CKD_EPI_3years",84,"Energy_Luminal_Space_TF_MaxAr_R"
"eGFR_CKD_EPI_3years",85,"Nuclei_Area_By_Object_Area_TF_MaxAr_R"
"eGFR_CKD_EPI_3years",86,"Mean_Aspect_Ratio_Nuclei_TF_MaxAr_R"
"eGFR_CKD_EPI_3years",87,"Standard_Deviation_Aspect_Ratio_Nuclei_TF_MaxAr_R"
"eGFR_CKD_EPI_3years",88,"Total_Object_Aspect_Ratio_TF_MaxAr_R"
"eGFR_CKD_EPI_3years",89,"Sum_Distance_Transform_By_Object_Area_Nuclei_TF_INF35_R"
"eGFR_CKD_EPI_3years",90,"Max_Distance_Transform_By_Object_Area_Nuclei_TF_INF35_R"
"eGFR_CKD_EPI_3years",91,"Max_Distance_Transform_Nuclei_TF_INF35_R"
"eGFR_CKD_EPI_3years",92,"Mean_Distance_Transform_By_Eosinophilic_Area_TF_INF35_R"
"eGFR_CKD_EPI_3years",93,"Sum_Distance_Transform_Luminal_Space_TF_INF35_R"
"eGFR_CKD_EPI_3years",94,"Mean_Distance_Transform_By_Luminal_Space_Area_TF_INF35_R"
"eGFR_CKD_EPI_3years",95,"Mean_Distance_Transform_Luminal_Space_TF_INF35_R"
"eGFR_CKD_EPI_3years",96,"Homogeneity_Nuclei_TF_INF35_R"
"eGFR_CKD_EPI_3years",97,"Correlation_Nuclei_TF_INF35_R"
"eGFR_CKD_EPI_3years",98,"Energy_Nuclei_TF_INF35_R"
"eGFR_CKD_EPI_3years",99,"Correlation_Eosinophilic_TF_INF35_R"
"eGFR_CKD_EPI_3years",100,"Correlation_Luminal_Space_TF_INF35_R"
"eGFR_CKD_EPI_5years",1,"Expanded_criteria_donor"
"eGFR_CKD_EPI_5years",2,"Donor_age"
"eGFR_CKD_EPI_5years",3,"Donor_Sex_0_Male_1_Female"
"eGFR_CKD_EPI_5years",4,"Donor_BMI"
"eGFR_CKD_EPI_5years",5,"Donor_Hypertension_History"
"eGFR_CKD_EPI_5years",6,"Donor_Diabetes_History"
"eGFR_CKD_EPI_5years",7,"Donor_cause_of_death_code"
"eGFR_CKD_EPI_5years",8,"Donor_final_creatinine"
"eGFR_CKD_EPI_5years",9,"KDRI_2024"
"eGFR_CKD_EPI_5years",10,"KDPI_SUP_85_2024"
"eGFR_CKD_EPI_5years",11,"IFTA_GT1"
"eGFR_CKD_EPI_5years",12,"REMUZZI_GT1"
"eGFR_CKD_EPI_5years",13,"REMUZZI_OnCall_RP"
"eGFR_CKD_EPI_5years",14,"Fibrointimal_thickening_AI_All_Estimations"
"eGFR_CKD_EPI_5years",15,"Fibro15"
"eGFR_CKD_EPI_5years",16,"Fibro20"
"eGFR_CKD_EPI_5years",17,"Fibro25_human"
"eGFR_CKD_EPI_5years",18,"IFTA_AI_PERCENTAGE"
"eGFR_CKD_EPI_5years",19,"Glomerulosclerosis_PERCENTAGE_AI_PLUS_HUMAN_GT"
"eGFR_CKD_EPI_5years",20,"sGlomerulus_count"
"eGFR_CKD_EPI_5years",21,"Glomerular_density_count"
"eGFR_CKD_EPI_5years",22,"Average_glomerular_radius"
"eGFR_CKD_EPI_5years",23,"Std_glomerular_radius"
"eGFR_CKD_EPI_5years",24,"Average_sclglomerular_area"
"eGFR_CKD_EPI_5years",25,"Std_sclglomerular_area"
"eGFR_CKD_EPI_5years",26,"Std_cortical_tubular_area"
"eGFR_CKD_EPI_5years",27,"Std_cortical_tubular_radius"
"eGFR_CKD_EPI_5years",28,"Std_medullary_tubular_area"
"eGFR_CKD_EPI_5years",29,"Average_medullary_tubular_radius"
"eGFR_CKD_EPI_5years",30,"Std_medullary_tubular_radius"
"eGFR_CKD_EPI_5years",31,"Cortical_arterialolar_density"
"eGFR_CKD_EPI_5years",32,"Average_lumen_to_wall_ratio"
"eGFR_CKD_EPI_5years",33,"Cortical_tubular_density_area"
"eGFR_CKD_EPI_5years",34,"Cortical_artery_density_area"
"eGFR_CKD_EPI_5years",35,"Medullary_arteriole_density_area"
"eGFR_CKD_EPI_5years",36,"Gloms_cortex_tubules_ratio_"
"eGFR_CKD_EPI_5years",37,"Total_nephron_density_count"
"eGFR_CKD_EPI_5years",38,"Medullary_interstitial_density"
"eGFR_CKD_EPI_5years",39,"Cortical_tubule_count"
"eGFR_CKD_EPI_5years",40,"Average_TBM_Thickness_TF_Cortical"
"eGFR_CKD_EPI_5years",41,"Luminal_Fraction_TF_Cortical"
"eGFR_CKD_EPI_5years",42,"VASCULAR_Luminal_ratio_V_ARTERY_Max_AREA"
"eGFR_CKD_EPI_5years",43,"Mean_Distance_TF_By_Nuclei_Area_reviewed_MF01"
"eGFR_CKD_EPI_5years",44,"Max_Distance_TF_Nuclei_reviewed_MF01"
"eGFR_CKD_EPI_5years",45,"Sum_Distance_TF_By_Luminal_Space_Area_reviewed_MF01"
"eGFR_CKD_EPI_5years",46,"Energy_Nuclei_reviewed_MF01"
"eGFR_CKD_EPI_5years",47,"Correlation_Luminal_Space_reviewed_MF01"
"eGFR_CKD_EPI_5years",48,"Nuclei_Area_By_Object_Area_reviewed_MF01"
"eGFR_CKD_EPI_5years",49,"Eosinophilic_Area_reviewed_MF01"
"eGFR_CKD_EPI_5years",50,"Luminal_Space_Area_reviewed_MF01"
"eGFR_CKD_EPI_5years",51,"Nuclei_Number_reviewed_MF01"
"eGFR_CKD_EPI_5years",52,"Standard_Deviation_Aspect_Ratio_Nuclei_reviewed_MF01"
"eGFR_CKD_EPI_5years",53,"Mean_Nuclear_Area_reviewed_MF01"
"eGFR_CKD_EPI_5years",54,"Major_Axis_Length_reviewed_MF01"
"eGFR_CKD_EPI_5years",55,"Mean_Distance_Transform_By_Nuclei_Area_TF_CT_rev"
"eGFR_CKD_EPI_5years",56,"Max_Distance_Transform_Nuclei_TF_CT_rev"
"eGFR_CKD_EPI_5years",57,"Mean_Distance_Transform_By_Eosinophilic_Area_TF_CT_rev"
"eGFR_CKD_EPI_5years",58,"Sum_Distance_Transform_Luminal_Space_TF_CT_rev"
"eGFR_CKD_EPI_5years",59,"Mean_Distance_Transform_By_Object_Area_Luminal_Space_TF_CT_rev"
"eGFR_CKD_EPI_5years",60,"Mean_Distance_Transform_By_Luminal_Space_Area_TF_CT_rev"
"eGFR_CKD_EPI_5years",61,"Energy_Nuclei_TF_CT_rev"
"eGFR_CKD_EPI_5years",62,"Contrast_Eosinophilic_TF_CT_rev"
"eGFR_CKD_EPI_5years",63,"Correlation_Luminal_Space_TF_CT_rev"
"eGFR_CKD_EPI_5years",64,"Nuclei_Number_TF_CT_rev"
"eGFR_CKD_EPI_5years",65,"Standard_Deviation_Aspect_Ratio_Nuclei_TF_CT_rev"
"eGFR_CKD_EPI_5years",66,"Total_Object_Aspect_Ratio_TF_CT_rev"
"eGFR_CKD_EPI_5years",67,"Major_Axis_Length_TF_CT_rev"
"eGFR_CKD_EPI_5years",68,"Mean_Distance_Transform_By_Object_Area_Luminal_Space_V_Mean_rev"
"eGFR_CKD_EPI_5years",69,"Energy_Nuclei_V_Mean_rev"
"eGFR_CKD_EPI_5years",70,"Mean_Aspect_Ratio_Nuclei_V_Mean_rev"
"eGFR_CKD_EPI_5years",71,"Standard_Deviation_Aspect_Ratio_Nuclei_V_Mean_rev"
"eGFR_CKD_EPI_5years",72,"Total_Object_Aspect_Ratio_V_Mean_rev"
"eGFR_CKD_EPI_5years",73,"Sum_Distance_Transform_By_Object_Area_Nuclei_TF_MaxAr_R"
"eGFR_CKD_EPI_5years",74,"Mean_Distance_Transform_By_Eosinophilic_Area_TF_MaxAr_R"
"eGFR_CKD_EPI_5years",75,"Max_Distance_Transform_Eosinophilic_TF_MaxAr_R"
"eGFR_CKD_EPI_5years",76,"Sum_Distance_Transform_Luminal_Space_TF_MaxAr_R"
"eGFR_CKD_EPI_5years",77,"Mean_Distance_Transform_By_Object_Area_Luminal_Space_TF_MaxAr_R"
"eGFR_CKD_EPI_5years",78,"Correlation_Nuclei_TF_MaxAr_R"
"eGFR_CKD_EPI_5years",79,"Energy_Nuclei_TF_MaxAr_R"
"eGFR_CKD_EPI_5years",80,"Contrast_Eosinophilic_TF_MaxAr_R"
"eGFR_CKD_EPI_5years",81,"Homogeneity_Eosinophilic_TF_MaxAr_R"
"eGFR_CKD_EPI_5years",82,"Correlation_Eosinophilic_TF_MaxAr_R"
"eGFR_CKD_EPI_5years",83,"Correlation_Luminal_Space_TF_MaxAr_R"
"eGFR_CKD_EPI_5years",84,"Energy_Luminal_Space_TF_MaxAr_R"
"eGFR_CKD_EPI_5years",85,"Nuclei_Area_By_Object_Area_TF_MaxAr_R"
"eGFR_CKD_EPI_5years",86,"Mean_Aspect_Ratio_Nuclei_TF_MaxAr_R"
"eGFR_CKD_EPI_5years",87,"Standard_Deviation_Aspect_Ratio_Nuclei_TF_MaxAr_R"
"eGFR_CKD_EPI_5years",88,"Total_Object_Aspect_Ratio_TF_MaxAr_R"
"eGFR_CKD_EPI_5years",89,"Sum_Distance_Transform_By_Object_Area_Nuclei_TF_INF35_R"
"eGFR_CKD_EPI_5years",90,"Max_Distance_Transform_By_Object_Area_Nuclei_TF_INF35_R"
"eGFR_CKD_EPI_5years",91,"Max_Distance_Transform_Nuclei_TF_INF35_R"
"eGFR_CKD_EPI_5years",92,"Mean_Distance_Transform_By_Eosinophilic_Area_TF_INF35_R"
"eGFR_CKD_EPI_5years",93,"Sum_Distance_Transform_Luminal_Space_TF_INF35_R"
"eGFR_CKD_EPI_5years",94,"Mean_Distance_Transform_By_Luminal_Space_Area_TF_INF35_R"
"eGFR_CKD_EPI_5years",95,"Mean_Distance_Transform_Luminal_Space_TF_INF35_R"
"eGFR_CKD_EPI_5years",96,"Homogeneity_Nuclei_TF_INF35_R"
"eGFR_CKD_EPI_5years",97,"Correlation_Nuclei_TF_INF35_R"
"eGFR_CKD_EPI_5years",98,"Energy_Nuclei_TF_INF35_R"
"eGFR_CKD_EPI_5years",99,"Correlation_Eosinophilic_TF_INF35_R"
"eGFR_CKD_EPI_5years",100,"Correlation_Luminal_Space_TF_INF35_R"
